annotation_id,Area,Mean,Min,Max,X,Y,Ch,Counter,Count,label,source_csv,source_image,label_rule,gd_image_otsu,gd_r0_mean,gd_r0_max,gd_r0_mean_over_otsu,gd_r0_mean_percentile,gd_r1_mean,gd_r1_max,gd_r1_mean_over_otsu,gd_r1_mean_percentile,gd_r2_mean,gd_r2_max,gd_r2_mean_over_otsu,gd_r2_mean_percentile,gd_r3_mean,gd_r3_max,gd_r3_mean_over_otsu,gd_r3_mean_percentile,gd_r5_mean,gd_r5_max,gd_r5_mean_over_otsu,gd_r5_mean_percentile,reference_image_otsu,reference_r0_mean,reference_r0_max,reference_r0_mean_over_otsu,reference_r0_mean_percentile,reference_r1_mean,reference_r1_max,reference_r1_mean_over_otsu,reference_r1_mean_percentile,reference_r2_mean,reference_r2_max,reference_r2_mean_over_otsu,reference_r2_mean_percentile,reference_r3_mean,reference_r3_max,reference_r3_mean_over_otsu,reference_r3_mean_percentile,reference_r5_mean,reference_r5_max,reference_r5_mean_over_otsu,reference_r5_mean_percentile
1,0,305,305,305,842.0,544.0,2,0,2,1,20260701_GD_9911-9912-9913-9914-9915_20x_A01_G002_0001.csv,20260701_GD_9911-9912-9913-9914-9915_20x_A01_G002_0001__zmax_channels.ome.tif,first_csv_reversed,155.67578125,171.0,171.0,1.0984367550749004,0.5174694061279297,168.6,240.0,1.0830200988633227,0.4846229553222656,177.30769230769232,276.0,1.138954889989944,0.580073356628418,212.0,409.0,1.3618046320226833,0.7651491165161133,226.8395061728395,425.0,1.4571277841127872,0.8086528778076172,341.021484375,412.0,412.0,1.2081350263168444,0.8485689163208008,478.0,668.0,1.401671219853038,0.928706169128418,495.84615384615387,850.0,1.4540026847719156,0.9414939880371094,477.1034482758621,850.0,1.3990422015500386,0.9279718399047852,438.71604938271605,850.0,1.2864762763752662,0.8881978988647461
2,0,90,90,90,922.167,511.5,2,0,2,1,20260701_GD_9911-9912-9913-9914-9915_20x_A01_G002_0001.csv,20260701_GD_9911-9912-9913-9914-9915_20x_A01_G002_0001__zmax_channels.ome.tif,first_csv_reversed,155.67578125,170.0,170.0,1.0920131483200763,0.5062198638916016,179.2,211.0,1.1511103304644568,0.5956525802612305,200.23076923076923,347.0,1.2862037217543703,0.6810922622680664,227.6206896551724,420.0,1.4621457996066578,0.8108415603637695,224.35802469135803,420.0,1.4411877229063723,0.8044309616088867,341.021484375,142.0,142.0,0.4163960527596891,0.024315834045410156,264.0,450.0,0.7741447741447741,0.3598442077636719,212.6153846153846,450.0,0.6234662458438682,0.17055606842041016,210.75862068965517,450.0,0.6180215333820349,0.16208171844482422,211.96296296296296,450.0,0.6215531064015912,0.1663961410522461
3,0,233,233,233,590.167,571.5,2,1,6,0,20260701_GD_9911-9912-9913-9914-9915_20x_A01_G002_0001.csv,20260701_GD_9911-9912-9913-9914-9915_20x_A01_G002_0001__zmax_channels.ome.tif,first_csv_reversed,155.67578125,239.0,239.0,1.5352420144029308,0.8505744934082031,250.0,313.0,1.6059016887059945,0.889988899230957,210.23076923076923,313.0,1.35043978930261,0.7524900436401367,210.20689655172413,313.0,1.3502864406002404,0.7524900436401367,198.91358024691357,350.0,1.2777426177002955,0.6692476272583008,341.021484375,918.0,918.0,2.6919125100943284,0.9985933303833008,747.8,918.0,2.192823720096447,0.9948091506958008,608.1538461538462,918.0,1.783330007106231,0.98211669921875,654.2758620689655,1160.0,1.9185766646581692,0.9883270263671875,648.2469135802469,1160.0,1.9008975776652544,0.9876842498779297
4,0,338,338,338,612.833,630.167,2,1,6,0,20260701_GD_9911-9912-9913-9914-9915_20x_A01_G002_0001.csv,20260701_GD_9911-9912-9913-9914-9915_20x_A01_G002_0001__zmax_channels.ome.tif,first_csv_reversed,155.67578125,138.0,138.0,0.886457732165709,0.3006620407104492,188.6,266.0,1.2114922339598022,0.6319561004638672,171.69230769230768,266.0,1.1028838674436245,0.5174694061279297,168.55172413793105,291.0,1.0827099937096416,0.4846229553222656,190.62962962962962,322.0,1.224529776558482,0.6373786926269531,341.021484375,681.0,681.0,1.9969416333052696,0.9908237457275391,591.6,681.0,1.7347880620607894,0.9786109924316406,573.9230769230769,710.0,1.6829528437920045,0.9745054244995117,567.5862068965517,820.0,1.6643708179758336,0.9727964401245117,573.2222222222222,945.0,1.6808976808976808,0.9745054244995117
5,0,479,479,479,511.5,596.833,2,1,6,0,20260701_GD_9911-9912-9913-9914-9915_20x_A01_G002_0001.csv,20260701_GD_9911-9912-9913-9914-9915_20x_A01_G002_0001__zmax_channels.ome.tif,first_csv_reversed,155.67578125,143.0,143.0,0.9185757659398289,0.3571910858154297,181.2,261.0,1.1639575439741048,0.6076726913452148,202.46153846153845,277.0,1.300533306053593,0.6944446563720703,191.27586206896552,300.0,1.2286809196209865,0.6403379440307617,198.53086419753086,351.0,1.275284200300301,0.6692476272583008,341.021484375,397.0,397.0,1.1641495277858913,0.8234777450561523,507.2,691.0,1.48729632365996,0.9486894607543945,465.2307692307692,691.0,1.3642271544369446,0.9184446334838867,525.1724137931035,963.0,1.5399980290262423,0.957575798034668,497.8024691358025,1141.0,1.459739318325177,0.9428434371948242
6,0,275,275,275,558.167,431.5,2,1,6,0,20260701_GD_9911-9912-9913-9914-9915_20x_A01_G002_0001.csv,20260701_GD_9911-9912-9913-9914-9915_20x_A01_G002_0001__zmax_channels.ome.tif,first_csv_reversed,155.67578125,301.0,301.0,1.9335056332020175,0.9619483947753906,217.4,347.0,1.396492108498733,0.7874927520751953,202.0,347.0,1.2975685644744437,0.6944446563720703,195.27586206896552,347.0,1.2543753466402825,0.6548080444335938,198.1358024691358,347.0,1.2727464791132101,0.6692476272583008,341.021484375,432.0,432.0,1.2667823576914485,0.8813037872314453,495.4,613.0,1.4526943981489435,0.9414939880371094,567.5384615384615,847.0,1.6642308110839579,0.9727964401245117,536.551724137931,1042.0,1.5733663382566205,0.9625186920166016,497.41975308641975,1042.0,1.4586170545766506,0.9428434371948242
7,0,338,338,338,287.5,340.833,2,1,6,0,20260701_GD_9911-9912-9913-9914-9915_20x_A01_G002_0001.csv,20260701_GD_9911-9912-9913-9914-9915_20x_A01_G002_0001__zmax_channels.ome.tif,first_csv_reversed,155.67578125,181.0,181.0,1.16267282262314,0.6076726913452148,147.0,181.0,0.9442701929591247,0.38326263427734375,156.15384615384616,257.0,1.0030709009455905,0.40906333923339844,190.55172413793105,444.0,1.224029342315769,0.6373786926269531,187.49382716049382,444.0,1.2043866146359476,0.6292991638183594,341.021484375,557.0,557.0,1.6333281787827243,0.9696617126464844,508.8,671.0,1.4919881101699284,0.9491262435913086,567.3076923076923,799.0,1.6635541111065586,0.9727964401245117,554.2068965517242,910.0,1.6251377756079952,0.9686832427978516,508.6296296296296,910.0,1.4914885217915521,0.9491262435913086
8,0,192,192,192,562.167,327.5,2,1,6,0,20260701_GD_9911-9912-9913-9914-9915_20x_A01_G002_0001.csv,20260701_GD_9911-9912-9913-9914-9915_20x_A01_G002_0001__zmax_channels.ome.tif,first_csv_reversed,155.67578125,170.0,170.0,1.0920131483200763,0.5062198638916016,195.2,302.0,1.2538880385416404,0.6548080444335938,182.53846153846155,380.0,1.1725552945536386,0.6125812530517578,188.10344827586206,380.0,1.2083025809505104,0.6319561004638672,190.93827160493828,380.0,1.226512371235897,0.6373786926269531,341.021484375,295.0,295.0,0.8650481377754105,0.4997682571411133,420.0,506.0,1.2315939588666862,0.8632822036743164,504.38461538461536,793.0,1.4790405839356888,0.9470996856689453,483.0689655172414,793.0,1.4165352848738428,0.932499885559082,504.0617283950617,793.0,1.4780937609220437,0.9470996856689453
9,0,691,691,691,262.0,634.0,5,1,1,1,20260701_GD_9911-9912-9913-9914-9915_20x_A01_G007_0001.csv,20260701_GD_9911-9912-9913-9914-9915_20x_A01_G007_0001__zmax_channels.ome.tif,counter_0_negative_1_positive,2315.75,1477.0,1477.0,0.6378063262441973,0.9904794692993164,1533.4,2020.0,0.6621612868401167,0.9909200668334961,1473.3076923076924,2513.0,0.6362118934719604,0.9904451370239258,1410.4137931034484,3325.0,0.6090527013293526,0.9899206161499023,1266.5802469135801,3325.0,0.5469417022189702,0.9885463714599609,470.640625,691.0,691.0,1.4682115467613956,0.9571456909179688,758.0,973.0,1.6105706981839913,0.9714012145996094,721.9230769230769,973.0,1.5339157704949014,0.9644632339477539,769.5862068965517,1187.0,1.6351886471690618,0.9730682373046875,766.0493827160494,1224.0,1.6276737324068644,0.9726104736328125
10,0,945,945,945,432.833,176.833,5,0,5,0,20260701_GD_9911-9912-9913-9914-9915_20x_A01_G007_0001.csv,20260701_GD_9911-9912-9913-9914-9915_20x_A01_G007_0001__zmax_channels.ome.tif,counter_0_negative_1_positive,2315.75,304.0,304.0,0.13127496491417467,0.35951709747314453,350.4,426.0,0.15131167008528554,0.5218448638916016,348.0769230769231,443.0,0.15030850613275315,0.5138378143310547,356.2758620689655,510.0,0.15384901741075915,0.5442276000976562,351.91358024691357,591.0,0.1519652726964973,0.525822639465332,470.640625,945.0,945.0,2.0079014640948176,0.9892454147338867,972.2,1207.0,2.0656950300454833,0.990595817565918,935.0769230769231,1354.0,1.9868172728967524,0.9886980056762695,891.0,1816.0,1.8931642375751137,0.9859333038330078,874.4074074074074,1850.0,1.8579089032261238,0.984710693359375
11,0,1135,1135,1135,490.167,191.5,5,0,5,0,20260701_GD_9911-9912-9913-9914-9915_20x_A01_G007_0001.csv,20260701_GD_9911-9912-9913-9914-9915_20x_A01_G007_0001__zmax_channels.ome.tif,counter_0_negative_1_positive,2315.75,281.0,281.0,0.1213429774371154,0.29073429107666016,434.2,644.0,0.18749865054517975,0.7520980834960938,392.2307692307692,750.0,0.1693752647007532,0.6511812210083008,341.7241379310345,750.0,0.14756521124086558,0.48714637756347656,348.85185185185185,807.0,0.15064314017137076,0.5138378143310547,470.640625,1135.0,1135.0,2.4116065203678496,0.9956092834472656,988.0,1414.0,2.099266292619767,0.9912834167480469,1082.6923076923076,1800.0,2.3004650473858,0.9943981170654297,1099.4827586206898,1983.0,2.3361407838957584,0.9948577880859375,1004.0123456790124,2351.0,2.1332887395324454,0.9919052124023438
12,0,1084,1084,1084,646.167,102.167,5,0,5,0,20260701_GD_9911-9912-9913-9914-9915_20x_A01_G007_0001.csv,20260701_GD_9911-9912-9913-9914-9915_20x_A01_G007_0001__zmax_channels.ome.tif,counter_0_negative_1_positive,2315.75,344.0,344.0,0.14854798661340818,0.49810791015625,337.6,482.0,0.14578430314153082,0.47405338287353516,322.7692307692308,482.0,0.13937999817304578,0.4317436218261719,328.8965517241379,760.0,0.14202593186835277,0.4498405456542969,292.08641975308643,760.0,0.12613037666116222,0.32717323303222656,470.640625,1084.0,1084.0,2.303243584210352,0.9944524765014648,948.4,1084.0,2.0151256598386507,0.989405632019043,1023.0,1654.0,2.1736330135121675,0.9926042556762695,1000.5172413793103,1654.0,2.125862469648281,0.9917459487915039,881.9012345679013,1654.0,1.8738315133078478,0.9852304458618164
13,0,745,745,745,679.5,103.5,5,0,5,0,20260701_GD_9911-9912-9913-9914-9915_20x_A01_G007_0001.csv,20260701_GD_9911-9912-9913-9914-9915_20x_A01_G007_0001__zmax_channels.ome.tif,counter_0_negative_1_positive,2315.75,325.0,325.0,0.14034330130627226,0.44141674041748047,312.0,444.0,0.13472956925402138,0.3910980224609375,312.0769230769231,467.0,0.13476278660344299,0.3910980224609375,270.0689655172414,467.0,0.11662267754172143,0.2460918426513672,270.962962962963,507.0,0.11700872847369664,0.2460918426513672,470.640625,745.0,745.0,1.5829487732810996,0.969050407409668,696.0,881.0,1.4788353640317387,0.9584321975708008,706.1538461538462,919.0,1.500409885257666,0.9609689712524414,721.9310344827586,977.0,1.5339326784268965,0.9644632339477539,674.8765432098766,1047.0,1.4339530150204873,0.9519453048706055
14,0,778,778,778,618.167,63.5,5,0,5,0,20260701_GD_9911-9912-9913-9914-9915_20x_A01_G007_0001.csv,20260701_GD_9911-9912-9913-9914-9915_20x_A01_G007_0001__zmax_channels.ome.tif,counter_0_negative_1_positive,2315.75,307.0,307.0,0.13257044154161718,0.3704385757446289,306.8,386.0,0.13248407643312102,0.36661720275878906,257.38461538461536,386.0,0.11114525116468331,0.2150287628173828,244.79310344827587,386.0,0.10570791469211956,0.17737865447998047,240.6172839506173,524.0,0.10390468917224109,0.16216087341308594,470.640625,778.0,778.0,1.6530659672653631,0.974400520324707,724.2,1018.0,1.538753693436473,0.9651012420654297,692.1538461538462,1018.0,1.4706631969007058,0.9574260711669922,706.6551724137931,1319.0,1.501475084973366,0.9609689712524414,695.0370370370371,1319.0,1.4767892955204134,0.9582128524780273
15,0,483,483,483,293.0,604.0,5,0,4,0,20260701_GD_9911-9912-9913-9914-9915_20x_A01_G008_0001.csv,20260701_GD_9911-9912-9913-9914-9915_20x_A01_G008_0001__zmax_channels.ome.tif,counter_0_negative_1_positive,4582.669921875,3688.0,3688.0,0.8047710314887908,0.9978761672973633,3382.6,4006.0,0.7381286581111669,0.9975700378417969,3714.076923076923,6641.0,0.8104613656218356,0.9979000091552734,3852.551724137931,7100.0,0.8406784232370939,0.9980068206787109,4095.6666666666665,8803.0,0.8937293622471775,0.9981822967529297,412.8828125,483.0,483.0,1.1698234592896744,0.7354774475097656,520.0,630.0,1.2594372646596907,0.8125782012939453,462.3076923076923,630.0,1.119706798906027,0.6861352920532227,466.2758620689655,630.0,1.129317685194187,0.6967105865478516,504.8024691358025,807.0,1.2226289248497175,0.783778190612793
16,0,388,388,388,479.5,678.167,5,0,4,0,20260701_GD_9911-9912-9913-9914-9915_20x_A01_G008_0001.csv,20260701_GD_9911-9912-9913-9914-9915_20x_A01_G008_0001__zmax_channels.ome.tif,counter_0_negative_1_positive,4582.669921875,831.0,831.0,0.18133533816897646,0.9889984130859375,944.0,1166.0,0.20599345274550393,0.990077018737793,1091.1538461538462,1596.0,0.2381043943281432,0.9912195205688477,1251.4137931034484,3026.0,0.27307526276983796,0.9921560287475586,1471.148148148148,4319.0,0.3210242442131262,0.9932718276977539,412.8828125,388.0,388.0,0.9397339590153078,0.462127685546875,442.8,565.0,1.0724592707525213,0.6282386779785156,459.53846153846155,663.0,1.112999736549851,0.6775016784667969,427.58620689655174,663.0,1.0356115438846265,0.5868215560913086,434.5679012345679,679.0,1.0525211708457056,0.6075048446655273
17,0,292,292,292,795.5,698.167,5,0,4,0,20260701_GD_9911-9912-9913-9914-9915_20x_A01_G008_0001.csv,20260701_GD_9911-9912-9913-9914-9915_20x_A01_G008_0001__zmax_channels.ome.tif,counter_0_negative_1_positive,4582.669921875,4590.0,4590.0,1.0015995212943465,0.9984846115112305,4306.2,5003.0,0.939670557428696,0.9983129501342773,4160.7692307692305,5485.0,0.9079356143256443,0.9982261657714844,3878.793103448276,5485.0,0.8464046439245327,0.9980230331420898,4142.024691358025,6540.0,0.9038453045868324,0.9982089996337891,412.8828125,292.0,292.0,0.707222464001211,0.17029380798339844,393.0,599.0,0.9518439327139586,0.4796915054321289,420.38461538461536,599.0,1.018169327125031,0.5626974105834961,423.37931034482756,781.0,1.0254224625657615,0.5732803344726562,456.69135802469134,817.0,1.1061040668160322,0.6684675216674805
18,0,299,299,299,928.833,722.167,5,0,4,0,20260701_GD_9911-9912-9913-9914-9915_20x_A01_G008_0001.csv,20260701_GD_9911-9912-9913-9914-9915_20x_A01_G008_0001__zmax_channels.ome.tif,counter_0_negative_1_positive,4582.669921875,1480.0,1480.0,0.3229558369315104,0.9933128356933594,1399.4,1721.0,0.30536783662294303,0.992919921875,1271.6153846153845,1758.0,0.27748352080638244,0.9922618865966797,1230.6896551724137,1908.0,0.268552978100783,0.9920558929443359,1166.716049382716,1908.0,0.2545930798579868,0.9916925430297852,412.8828125,299.0,299.0,0.7241764271793222,0.18314647674560547,371.0,434.0,0.8985600484398948,0.40161609649658203,345.53846153846155,480.0,0.8368923362206111,0.3174467086791992,337.13793103448273,510.0,0.8165462955290316,0.29051876068115234,340.2962962962963,524.0,0.8241958395792905,0.29962921142578125
19,0,1426,1426,1426,315.5,315.5,5,1,4,1,20260701_GD_9911-9912-9913-9914-9915_20x_A01_G008_0001.csv,20260701_GD_9911-9912-9913-9914-9915_20x_A01_G008_0001__zmax_channels.ome.tif,counter_0_negative_1_positive,4582.669921875,6142.0,6142.0,1.3402667232657681,0.9991226196289062,5546.6,6172.0,1.210342462921835,0.9989509582519531,5101.7692307692305,6373.0,1.1132744268611519,0.998779296875,4634.896551724138,7718.0,1.0113965506439462,0.9985122680664062,3422.5061728395062,7718.0,0.7468367199004347,0.9976100921630859,412.8828125,1426.0,1426.0,3.453764498855229,0.9996404647827148,1366.6,1745.0,3.3098980113152563,0.9995765686035156,1287.4615384615386,1858.0,3.1182250737587642,0.9994707107543945,1176.0,2081.0,2.8482658139226853,0.9992074966430664,1092.962962962963,2423.0,2.647150547016202,0.9988174438476562
20,0,325,325,325,234.167,655.5,5,1,4,1,20260701_GD_9911-9912-9913-9914-9915_20x_A01_G008_0001.csv,20260701_GD_9911-9912-9913-9914-9915_20x_A01_G008_0001__zmax_channels.ome.tif,counter_0_negative_1_positive,4582.669921875,2077.0,2077.0,0.4532292387207751,0.9954986572265625,2035.0,2513.0,0.4440642757808268,0.9953861236572266,2199.230769230769,2907.0,0.47990163086652193,0.9958219528198242,2481.7241379310344,3721.0,0.541545470269357,0.9963960647583008,3218.962962962963,8648.0,0.7024208633481339,0.9973964691162109,412.8828125,325.0,325.0,0.7871482904123067,0.2614412307739258,465.2,643.0,1.1267119529224772,0.6941347122192383,473.9230769230769,643.0,1.1478391993444312,0.7132568359375,501.55172413793105,761.0,1.2147556375646686,0.7776727676391602,570.5555555555555,1402.0,1.381882554279383,0.8885231018066406
21,0,939,939,939,715.5,388.833,5,1,4,1,20260701_GD_9911-9912-9913-9914-9915_20x_A01_G008_0001.csv,20260701_GD_9911-9912-9913-9914-9915_20x_A01_G008_0001__zmax_channels.ome.tif,counter_0_negative_1_positive,4582.669921875,9713.0,9713.0,2.119506786564703,0.9995326995849609,8341.6,11485.0,1.8202489252350589,0.9994125366210938,7788.692307692308,13210.0,1.6995970559680988,0.9993562698364258,6891.482758620689,13210.0,1.5038139067631209,0.9992504119873047,5855.172839506173,13210.0,1.2776771924063273,0.9990520477294922,412.8828125,939.0,939.0,2.274253060606634,0.9971036911010742,846.0,1014.0,2.0490075498117277,0.9940919876098633,722.3846153846154,1014.0,1.749611738523544,0.9793844223022461,657.5862068965517,1186.0,1.5926703340225665,0.95751953125,587.1234567901234,1186.0,1.4220099239178754,0.9069290161132812
22,0,413,413,413,699.5,194.167,5,1,4,1,20260701_GD_9911-9912-9913-9914-9915_20x_A01_G008_0001.csv,20260701_GD_9911-9912-9913-9914-9915_20x_A01_G008_0001__zmax_channels.ome.tif,counter_0_negative_1_positive,4582.669921875,2617.0,2617.0,0.5710644765201099,0.9966192245483398,1784.2,2617.0,0.38933635422513574,0.9945974349975586,1882.3846153846155,2816.0,0.4107615533030661,0.9949121475219727,1996.6896551724137,3304.0,0.4357044450531728,0.9952726364135742,1873.8395061728395,3583.0,0.40889689594011996,0.9948883056640625,412.8828125,413.0,413.0,1.0002838275085622,0.5384578704833984,359.4,413.0,0.8704649094590247,0.3683748245239258,394.2307692307692,749.0,0.9548248493167034,0.4829893112182617,401.6551724137931,749.0,0.9728067147716232,0.5032110214233398,382.0987654320988,749.0,0.9254411999339371,0.4391746520996094
23,0,308,308,308,240.0,137.0,5,0,6,0,20260701_GD_9911-9912-9913-9914-9915_20x_A01_G009_0001.csv,20260701_GD_9911-9912-9913-9914-9915_20x_A01_G009_0001__zmax_channels.ome.tif,counter_0_negative_1_positive,1541.23046875,2139.0,2139.0,1.3878521372178785,0.9958038330078125,2234.8,2821.0,1.4500102647286184,0.9961032867431641,2170.3076923076924,2821.0,1.4081655769937504,0.9959115982055664,2100.6206896551726,2821.0,1.3629504037503621,0.9957027435302734,2090.4814814814813,4131.0,1.3563717587136375,0.9956750869750977,425.640625,308.0,308.0,0.7236151389449726,0.25527095794677734,393.4,493.0,0.9242538820160786,0.5504331588745117,363.61538461538464,493.0,0.8542779125356859,0.44647789001464844,356.48275862068965,531.0,0.8375205224376542,0.42432498931884766,382.9382716049383,656.0,0.8996750993985555,0.5091838836669922
24,0,310,310,310,27.5,279.5,5,0,6,0,20260701_GD_9911-9912-9913-9914-9915_20x_A01_G009_0001.csv,20260701_GD_9911-9912-9913-9914-9915_20x_A01_G009_0001__zmax_channels.ome.tif,counter_0_negative_1_positive,1541.23046875,2418.0,2418.0,1.568876329028906,0.9965600967407227,2748.4,3571.0,1.7832504973958003,0.9973278045654297,2723.5384615384614,3820.0,1.7671195299865574,0.9972724914550781,2750.9655172413795,4041.0,1.7849150876653272,0.9973316192626953,2489.185185185185,4317.0,1.615063571383983,0.9967269897460938,425.640625,310.0,310.0,0.7283139385485115,0.26289844512939453,403.6,522.0,0.9482177599941266,0.5792655944824219,391.84615384615387,522.0,0.9206032761702525,0.543766975402832,405.44827586206895,607.0,0.9525600989380865,0.5847873687744141,387.0740740740741,741.0,0.9093917528997005,0.5289554595947266
25,0,409,409,409,903.5,431.5,5,0,6,0,20260701_GD_9911-9912-9913-9914-9915_20x_A01_G009_0001.csv,20260701_GD_9911-9912-9913-9914-9915_20x_A01_G009_0001__zmax_channels.ome.tif,counter_0_negative_1_positive,1541.23046875,1872.0,1872.0,1.2146139321514111,0.9948911666870117,1877.6,2113.0,1.218247392632206,0.9949092864990234,1788.4615384615386,2271.0,1.1604114859681258,0.9945898056030273,1763.4827586206898,3199.0,1.1442044485734475,0.9944877624511719,1643.0123456790122,4567.0,1.06603936205048,0.9940195083618164,425.640625,409.0,409.0,0.9609045189236812,0.5963306427001953,397.4,494.0,0.9336514812231562,0.5626020431518555,386.7692307692308,494.0,0.9086755540997309,0.5251026153564453,406.3103448275862,630.0,0.9545854435947843,0.5875711441040039,391.1111111111111,662.0,0.9188763669142509,0.543766975402832
26,0,621,621,621,739.5,598.167,5,0,6,0,20260701_GD_9911-9912-9913-9914-9915_20x_A01_G009_0001.csv,20260701_GD_9911-9912-9913-9914-9915_20x_A01_G009_0001__zmax_channels.ome.tif,counter_0_negative_1_positive,1541.23046875,2769.0,2769.0,1.7966164413072956,0.99737548828125,3196.8,4693.0,2.0741868687508713,0.9980592727661133,3041.5384615384614,4828.0,1.973448178717406,0.9978313446044922,2776.7241379310344,4989.0,1.801628110935978,0.9973897933959961,2190.0246913580245,4989.0,1.4209586014311169,0.9959640502929688,425.640625,621.0,621.0,1.4589772768987923,0.9495811462402344,416.6,621.0,0.9787599574171286,0.6189022064208984,390.61538461538464,621.0,0.9177117071834594,0.5402059555053711,374.2413793103448,621.0,0.8792426223656279,0.4790983200073242,384.25925925925924,682.0,0.902778627531757,0.517237663269043
27,0,312,312,312,896.833,850.167,5,0,6,0,20260701_GD_9911-9912-9913-9914-9915_20x_A01_G009_0001.csv,20260701_GD_9911-9912-9913-9914-9915_20x_A01_G009_0001__zmax_channels.ome.tif,counter_0_negative_1_positive,1541.23046875,5621.0,5621.0,3.6470859575978,0.9997215270996094,5501.2,6333.0,3.5693558565979395,0.9996976852416992,5545.0,7142.0,3.5977747082155846,0.9997034072875977,5501.896551724138,9187.0,3.569807801805526,0.9996976852416992,4873.975308641975,9187.0,3.162392262200062,0.9994926452636719,425.640625,312.0,312.0,0.7330127381520503,0.2708768844604492,349.6,425.0,0.8213501706985794,0.39658451080322266,344.38461538461536,475.0,0.8090971471170435,0.37546348571777344,347.48275862068965,504.0,0.8163759242217297,0.3879547119140625,365.51851851851853,626.0,0.8587491349504491,0.4521932601928711
28,0,350,350,350,1011.5,983.5,5,0,6,0,20260701_GD_9911-9912-9913-9914-9915_20x_A01_G009_0001.csv,20260701_GD_9911-9912-9913-9914-9915_20x_A01_G009_0001__zmax_channels.ome.tif,counter_0_negative_1_positive,1541.23046875,2515.0,2515.0,1.631813055214102,0.9967889785766602,2423.6,2819.0,1.5725097895097007,0.9965715408325195,2356.846153846154,2834.0,1.529197742734512,0.9964056015014648,2212.103448275862,2834.0,1.4352840104893376,0.9960289001464844,2010.7654320987654,3156.0,1.3046494167284255,0.995396614074707,425.640625,350.0,350.0,0.8222899306192871,0.40076446533203125,288.8,350.0,0.6785066627510004,0.20351219177246094,311.0,443.0,0.7306633383502809,0.2668342590332031,301.6551724137931,488.0,0.7087086022716772,0.23256778717041016,333.1604938271605,572.0,0.7827271981549235,0.33800220489501953
29,0,572,572,572,980.833,839.5,5,1,2,1,20260701_GD_9911-9912-9913-9914-9915_20x_A01_G009_0001.csv,20260701_GD_9911-9912-9913-9914-9915_20x_A01_G009_0001__zmax_channels.ome.tif,counter_0_negative_1_positive,1541.23046875,226.0,226.0,0.1466360836892195,0.6264171600341797,348.0,597.0,0.2257936155922495,0.9322118759155273,403.15384615384613,865.0,0.2615792085143633,0.9638395309448242,540.1724137931035,2498.0,0.350481271130855,0.9825010299682617,646.5925925925926,2498.0,0.41953011292140185,0.9858074188232422,425.640625,572.0,572.0,1.343856686612092,0.9160633087158203,645.2,808.0,1.5158327521016117,0.9605808258056641,690.4615384615385,1077.0,1.6221702015909276,0.9746589660644531,725.3793103448276,1213.0,1.704206007931756,0.981597900390625,716.9876543209876,1363.0,1.6844906529328296,0.9800968170166016
30,0,351,351,351,258.167,796.833,5,1,2,1,20260701_GD_9911-9912-9913-9914-9915_20x_A01_G009_0001.csv,20260701_GD_9911-9912-9913-9914-9915_20x_A01_G009_0001__zmax_channels.ome.tif,counter_0_negative_1_positive,1541.23046875,492.0,492.0,0.31922545652697343,0.979466438293457,428.2,556.0,0.277829960335061,0.97076416015625,457.61538461538464,850.0,0.2969156098935217,0.9756479263305664,642.6206896551724,3380.0,0.4169530142862824,0.9857091903686523,718.7530864197531,4240.0,0.46635016695633513,0.9872140884399414,425.640625,351.0,351.0,0.8246393304210565,0.4049978256225586,616.0,783.0,1.4472302778899453,0.9470157623291016,645.8461538461538,937.0,1.5173508258196777,0.9605808258056641,650.3103448275862,937.0,1.5278389952265157,0.9625329971313477,631.9876543209876,1004.0,1.4847916697824313,0.9543256759643555
31,0,35,35,35,293.0,278.0,3,0,0,0,20260701_GD_9911-9912-9913-9914-9915_20x_A01_G015_0001.csv,20260701_GD_9911-9912-9913-9914-9915_20x_A01_G015_0001__zmax_channels.ome.tif,single_point_type_all_negative,49.765625,35.0,35.0,0.7032967032967034,0.5531177520751953,42.0,107.0,0.843956043956044,0.7597084045410156,33.61538461538461,107.0,0.6754739765728777,0.39515113830566406,30.275862068965516,107.0,0.6083689709305473,0.2639455795288086,34.382716049382715,107.0,0.6908928813690718,0.4712057113647461,801.90234375,1489.0,1489.0,1.856834577932358,0.9887857437133789,1400.4,1656.0,1.746347308889506,0.9861040115356445,1369.7692307692307,2051.0,1.7081496786300305,0.9850177764892578,1380.1379310344828,2336.0,1.721079807025421,0.9854068756103516,1212.9753086419753,2568.0,1.5126222265040927,0.9778909683227539
32,0,33,33,33,304.833,206.167,3,0,0,0,20260701_GD_9911-9912-9913-9914-9915_20x_A01_G015_0001.csv,20260701_GD_9911-9912-9913-9914-9915_20x_A01_G015_0001__zmax_channels.ome.tif,single_point_type_all_negative,49.765625,33.0,33.0,0.6631083202511774,0.39515113830566406,53.2,102.0,1.0690109890109891,0.7730464935302734,50.53846153846154,102.0,1.0155295254196353,0.7707138061523438,39.03448275862069,102.0,0.7843663725437124,0.7356338500976562,40.81481481481482,115.0,0.8201407058549917,0.7473306655883789,801.90234375,1383.0,1383.0,1.7246489061655146,0.9855022430419922,1128.4,1404.0,1.4071538869972284,0.9729499816894531,1202.923076923077,1651.0,1.5000867453482574,0.9773788452148438,1231.551724137931,2092.0,1.5357876601017615,0.9789304733276367,1046.679012345679,2092.0,1.3052449846336778,0.9671401977539062
33,0,40,40,40,274.167,227.5,3,0,0,0,20260701_GD_9911-9912-9913-9914-9915_20x_A01_G015_0001.csv,20260701_GD_9911-9912-9913-9914-9915_20x_A01_G015_0001__zmax_channels.ome.tif,single_point_type_all_negative,49.765625,40.0,40.0,0.8037676609105181,0.7473306655883789,47.6,103.0,0.9564835164835165,0.7693624496459961,46.38461538461539,103.0,0.9320613452481584,0.7686481475830078,41.37931034482759,103.0,0.8314837871488118,0.7546873092651367,37.592592592592595,163.0,0.7553927553927554,0.6816339492797852,801.90234375,3066.0,3066.0,3.8234082041239823,0.9998083114624023,2350.6,3066.0,2.93127962316172,0.9988365173339844,2182.230769230769,3066.0,2.721317360198536,0.9981851577758789,1997.4137931034484,3066.0,2.4908441890352666,0.996953010559082,1801.1728395061727,3687.0,2.246124922248268,0.9949350357055664
34,0,65,65,65,230.167,240.833,3,0,0,0,20260701_GD_9911-9912-9913-9914-9915_20x_A01_G015_0001.csv,20260701_GD_9911-9912-9913-9914-9915_20x_A01_G015_0001__zmax_channels.ome.tif,single_point_type_all_negative,49.765625,65.0,65.0,1.3061224489795917,0.8344650268554688,33.0,70.0,0.6631083202511774,0.39515113830566406,31.0,70.0,0.6229199372056515,0.2926025390625,35.724137931034484,96.0,0.7178476695718076,0.5531177520751953,35.77777777777778,96.0,0.7189255189255189,0.5531177520751953,801.90234375,1795.0,1795.0,2.2384271775611704,0.9948596954345703,1819.4,2248.0,2.2688548227603307,0.9951610565185547,1659.0,2248.0,2.0688304666150317,0.9926910400390625,1518.8275862068965,2248.0,1.8940306111393586,0.9895553588867188,1333.1358024691358,2248.0,1.6624665245831385,0.9835758209228516
35,0,37,37,37,254.167,136.833,3,0,0,0,20260701_GD_9911-9912-9913-9914-9915_20x_A01_G015_0001.csv,20260701_GD_9911-9912-9913-9914-9915_20x_A01_G015_0001__zmax_channels.ome.tif,single_point_type_all_negative,49.765625,37.0,37.0,0.7434850863422292,0.6816339492797852,22.2,39.0,0.4460910518053375,0.20351219177246094,27.153846153846153,41.0,0.5456345851950247,0.22313880920410156,29.482758620689655,65.0,0.5924321983435283,0.24482345581054688,35.03703703703704,92.0,0.7040409326123612,0.5531177520751953,801.90234375,1528.0,1528.0,1.905468928865442,0.9898271560668945,1468.0,1803.0,1.8306468505068514,0.9881687164306641,1380.3076923076924,1863.0,1.7212915052135267,0.9854068756103516,1278.2068965517242,1863.0,1.5939682762047347,0.9811868667602539,1236.1851851851852,1892.0,1.5415657465275805,0.9791831970214844
36,0,0,0,0,255.5,86.167,3,0,0,0,20260701_GD_9911-9912-9913-9914-9915_20x_A01_G015_0001.csv,20260701_GD_9911-9912-9913-9914-9915_20x_A01_G015_0001__zmax_channels.ome.tif,single_point_type_all_negative,49.765625,0.0,0.0,0.0,0.1964855194091797,40.4,73.0,0.8118053375196232,0.7473306655883789,36.38461538461539,73.0,0.7311194300205289,0.6269741058349609,34.275862068965516,73.0,0.688745737021599,0.4712057113647461,36.49382716049383,105.0,0.7333139523615715,0.6269741058349609,801.90234375,1333.0,1333.0,1.6622971742000223,0.9835758209228516,1781.2,2354.0,2.2212180995386945,0.9946727752685547,1781.076923076923,3001.0,2.221064618352318,0.9946727752685547,1732.0344827586207,3001.0,2.1599069964791093,0.9939231872558594,1558.037037037037,3339.0,1.9429261545128598,0.9905452728271484
37,0,0,0,0,507.5,411.5,3,0,0,0,20260701_GD_9911-9912-9913-9914-9915_20x_A01_G015_0001.csv,20260701_GD_9911-9912-9913-9914-9915_20x_A01_G015_0001__zmax_channels.ome.tif,single_point_type_all_negative,49.765625,0.0,0.0,0.0,0.1964855194091797,33.2,106.0,0.66712715855573,0.39515113830566406,38.76923076923077,106.0,0.7790363482671174,0.7158966064453125,39.55172413793103,106.0,0.7947599198830726,0.7356338500976562,39.0,119.0,0.7836734693877551,0.7356338500976562,801.90234375,2474.0,2474.0,3.085163697652555,0.9991722106933594,2223.2,2731.0,2.7724074101136456,0.9983663558959961,2091.923076923077,2731.0,2.608700539694709,0.9976425170898438,1941.551724137931,2831.0,2.421182254011751,0.9964399337768555,1695.5061728395062,2831.0,2.114354928694528,0.9933443069458008
38,0,36,36,36,626.167,451.5,3,0,0,0,20260701_GD_9911-9912-9913-9914-9915_20x_A01_G015_0001.csv,20260701_GD_9911-9912-9913-9914-9915_20x_A01_G015_0001__zmax_channels.ome.tif,single_point_type_all_negative,49.765625,36.0,36.0,0.7233908948194663,0.6269741058349609,37.4,73.0,0.7515227629513344,0.6816339492797852,37.0,73.0,0.7434850863422292,0.6816339492797852,32.241379310344826,105.0,0.6478644508201158,0.3353395462036133,35.08641975308642,105.0,0.7050332383665716,0.5531177520751953,801.90234375,1936.0,1936.0,2.4142590617038584,0.9963960647583008,1631.4,1936.0,2.03441231057008,0.9921531677246094,1565.5384615384614,1936.0,1.9522806907103039,0.9906978607177734,1604.7586206896551,2509.0,2.0011895877310875,0.9915800094604492,1477.7037037037037,2509.0,1.8427477051549692,0.9884500503540039
39,0,107,107,107,614.167,432.833,3,0,0,0,20260701_GD_9911-9912-9913-9914-9915_20x_A01_G015_0001.csv,20260701_GD_9911-9912-9913-9914-9915_20x_A01_G015_0001__zmax_channels.ome.tif,single_point_type_all_negative,49.765625,107.0,107.0,2.1500784929356356,0.9902515411376953,57.2,107.0,1.1493877551020408,0.7806472778320312,51.61538461538461,140.0,1.0371694239826108,0.7712469100952148,41.3448275862069,140.0,0.8307908839928544,0.7546873092651367,43.75308641975309,140.0,0.8791828982305173,0.7632617950439453,801.90234375,2389.0,2389.0,2.979165753311218,0.998967170715332,2153.4,2448.0,2.6853643922898187,0.9980125427246094,2397.230769230769,3010.0,2.9894298076501524,0.9989910125732422,2338.6206896551726,3201.0,2.916341008206677,0.9987964630126953,2069.259259259259,3543.0,2.580437974008926,0.9975090026855469
40,0,0,0,0,592.833,434.167,3,0,0,0,20260701_GD_9911-9912-9913-9914-9915_20x_A01_G015_0001.csv,20260701_GD_9911-9912-9913-9914-9915_20x_A01_G015_0001__zmax_channels.ome.tif,single_point_type_all_negative,49.765625,0.0,0.0,0.0,0.1964855194091797,43.8,74.0,0.8801255886970172,0.7632617950439453,33.69230769230769,74.0,0.6770196836130902,0.39515113830566406,32.793103448275865,78.0,0.6589509013154334,0.3353395462036133,36.48148148148148,104.0,0.7330658759230188,0.6269741058349609,801.90234375,1352.0,1352.0,1.6859908323469095,0.9843416213989258,1558.2,1784.0,1.9431293749725993,0.9905452728271484,1583.5384615384614,2698.0,1.974727314217881,0.9910879135131836,1455.2413793103449,2778.0,1.814736408557036,0.9878158569335938,1265.3827160493827,2832.0,1.577976078897553,0.9805812835693359
41,0,33,33,33,442.167,496.833,3,0,0,0,20260701_GD_9911-9912-9913-9914-9915_20x_A01_G015_0001.csv,20260701_GD_9911-9912-9913-9914-9915_20x_A01_G015_0001__zmax_channels.ome.tif,single_point_type_all_negative,49.765625,33.0,33.0,0.6631083202511774,0.39515113830566406,35.2,74.0,0.707315541601256,0.5531177520751953,37.07692307692308,74.0,0.7450307933824418,0.6816339492797852,38.62068965517241,75.0,0.7760515346722243,0.7158966064453125,34.27160493827161,75.0,0.6886601934220983,0.4712057113647461,801.90234375,1626.0,1626.0,2.0276783235178066,0.9920492172241211,1760.4,2733.0,2.19527977904105,0.9943628311157227,1801.8461538461538,2733.0,2.2469645685533686,0.9949350357055664,1726.2068965517242,2733.0,2.152639794615545,0.9938392639160156,1546.6172839506173,3076.0,1.928685326841729,0.9902687072753906
42,0,35,35,35,395.5,504.833,3,0,0,0,20260701_GD_9911-9912-9913-9914-9915_20x_A01_G015_0001.csv,20260701_GD_9911-9912-9913-9914-9915_20x_A01_G015_0001__zmax_channels.ome.tif,single_point_type_all_negative,49.765625,35.0,35.0,0.7032967032967034,0.5531177520751953,30.6,70.0,0.6148822605965464,0.2639455795288086,34.38461538461539,70.0,0.6909310469750031,0.4712057113647461,30.448275862068964,70.0,0.611833486710334,0.2639455795288086,34.925925925925924,100.0,0.7018082446653875,0.4712057113647461,801.90234375,1806.0,1806.0,2.252144558593579,0.9949970245361328,2046.4,2512.0,2.5519316858836656,0.9973268508911133,2147.769230769231,2704.0,2.6783426280130898,0.9979724884033203,1972.5862068965516,2704.0,2.459883329024815,0.9967155456542969,1796.0493827160494,2877.0,2.239735794157977,0.9948759078979492
43,0,28,28,28,327.5,446.167,3,0,0,0,20260701_GD_9911-9912-9913-9914-9915_20x_A01_G015_0001.csv,20260701_GD_9911-9912-9913-9914-9915_20x_A01_G015_0001__zmax_channels.ome.tif,single_point_type_all_negative,49.765625,28.0,28.0,0.5626373626373626,0.23211193084716797,42.8,91.0,0.8600313971742543,0.7597084045410156,33.07692307692308,91.0,0.66465402729139,0.39515113830566406,36.3448275862069,97.0,0.7303199263790396,0.6269741058349609,36.97530864197531,143.0,0.742988933465124,0.6269741058349609,801.90234375,1846.0,1846.0,2.3020259441659725,0.995478630065918,1724.0,1874.0,2.1498877181701714,0.9938077926635742,1597.6923076923076,2460.0,1.9923776506511897,0.991429328918457,1592.1724137931035,2531.0,1.985494151753567,0.9913015365600586,1411.6049382716049,2531.0,1.7603202550455257,0.986475944519043
44,0,34,34,34,423.5,594.167,3,0,0,0,20260701_GD_9911-9912-9913-9914-9915_20x_A01_G015_0001.csv,20260701_GD_9911-9912-9913-9914-9915_20x_A01_G015_0001__zmax_channels.ome.tif,single_point_type_all_negative,49.765625,34.0,34.0,0.6832025117739403,0.4712057113647461,27.4,43.0,0.5505808477237049,0.22313880920410156,42.76923076923077,135.0,0.8594131143581693,0.7597084045410156,42.06896551724138,135.0,0.8453418502679587,0.7597084045410156,41.074074074074076,135.0,0.8253503110645968,0.7546873092651367,801.90234375,3586.0,3586.0,4.471866216565101,0.9999332427978516,3077.6,3586.0,3.8378738059399766,0.9998140335083008,2927.0,3586.0,3.650070389259914,0.9997415542602539,2666.0689655172414,3586.0,3.3246803507889626,0.9994802474975586,2273.7283950617284,3814.0,2.8354180690243536,0.998570442199707
45,0,34,34,34,862.167,343.5,3,0,0,0,20260701_GD_9911-9912-9913-9914-9915_20x_A01_G015_0001.csv,20260701_GD_9911-9912-9913-9914-9915_20x_A01_G015_0001__zmax_channels.ome.tif,single_point_type_all_negative,49.765625,34.0,34.0,0.6832025117739403,0.4712057113647461,63.6,108.0,1.2779905808477237,0.8117341995239258,48.92307692307692,108.0,0.983069677575172,0.7698307037353516,42.06896551724138,108.0,0.8453418502679587,0.7597084045410156,42.18518518518518,129.0,0.8476771905343333,0.7597084045410156,801.90234375,2219.0,2219.0,2.7671698646285443,0.9983539581298828,1800.6,2219.0,2.2454105715413055,0.9949264526367188,1783.3846153846155,2634.0,2.2239423905968794,0.9946928024291992,1691.1379310344828,2746.0,2.1089075798507824,0.9932746887207031,1518.6913580246915,3039.0,1.8938607298772987,0.9895553588867188
46,0,34,34,34,892.833,407.5,3,0,0,0,20260701_GD_9911-9912-9913-9914-9915_20x_A01_G015_0001.csv,20260701_GD_9911-9912-9913-9914-9915_20x_A01_G015_0001__zmax_channels.ome.tif,single_point_type_all_negative,49.765625,34.0,34.0,0.6832025117739403,0.4712057113647461,32.6,38.0,0.6550706436420722,0.3353395462036133,31.923076923076923,74.0,0.641468421688202,0.2926025390625,29.482758620689655,74.0,0.5924321983435283,0.24482345581054688,34.7037037037037,100.0,0.6973428687714401,0.4712057113647461,801.90234375,2039.0,2039.0,2.5427036295527725,0.9972686767578125,1748.8,2261.0,2.1808141772250558,0.9941949844360352,1930.0,2566.0,2.406776853867999,0.996342658996582,1866.7586206896551,2566.0,2.3279126632302662,0.9956989288330078,1708.0864197530864,2610.0,2.1300429323668335,0.9935512542724609
47,0,227,227,227,348.0,369.0,4,0,0,0,20260701_GD_9911-9912-9913-9914-9915_20x_A01_G016_0001.csv,20260701_GD_9911-9912-9913-9914-9915_20x_A01_G016_0001__zmax_channels.ome.tif,single_point_type_all_negative,44.98046875,64.0,64.0,1.4228397742075554,0.731903076171875,70.4,105.0,1.565123751628311,0.8665285110473633,58.23076923076923,105.0,1.2945789772537493,0.6782302856445312,53.86206896551724,105.0,1.197454594457005,0.6634092330932617,51.97530864197531,144.0,1.155508381445565,0.6609716415405273,976.123046875,1987.0,1987.0,2.0356040218098146,0.9941282272338867,1857.4,2171.0,1.9028338752438598,0.9926252365112305,2013.7692307692307,2443.0,2.063028054932412,0.9943790435791016,1976.896551724138,2864.0,2.0252534330103718,0.9940023422241211,1624.9382716049383,3071.0,1.664685898777907,0.9887609481811523
48,0,166,166,166,379.5,326.167,4,0,0,0,20260701_GD_9911-9912-9913-9914-9915_20x_A01_G016_0001.csv,20260701_GD_9911-9912-9913-9914-9915_20x_A01_G016_0001__zmax_channels.ome.tif,single_point_type_all_negative,44.98046875,68.0,68.0,1.5117672600955276,0.8203954696655273,67.8,104.0,1.5073208858011289,0.7953166961669922,50.46153846153846,104.0,1.1218544373559571,0.6601724624633789,47.55172413793103,112.0,1.0571638193061523,0.6583642959594727,48.25925925925926,112.0,1.0728936491854426,0.6590328216552734,976.123046875,3055.0,3055.0,3.1297283777699967,0.9990930557250977,2542.0,3055.0,2.604179880946426,0.9977741241455078,2552.6153846153848,3331.0,2.6150549285640077,0.997802734375,2306.0,3331.0,2.3624070831874344,0.9966545104980469,2035.4444444444443,3840.0,2.085233466170888,0.9946069717407227
49,0,221,221,221,420.833,343.5,4,0,0,0,20260701_GD_9911-9912-9913-9914-9915_20x_A01_G016_0001.csv,20260701_GD_9911-9912-9913-9914-9915_20x_A01_G016_0001__zmax_channels.ome.tif,single_point_type_all_negative,44.98046875,68.0,68.0,1.5117672600955276,0.8203954696655273,42.8,76.0,0.9515240990013026,0.6449489593505859,42.69230769230769,100.0,0.949129897458165,0.6449489593505859,49.6551724137931,100.0,1.1039274110231032,0.6595773696899414,48.44444444444444,104.0,1.0770106624209967,0.6590328216552734,976.123046875,2447.0,2447.0,2.5068560852383572,0.9973773956298828,1999.8,2447.0,2.0487171227052174,0.9942474365234375,1880.2307692307693,2890.0,1.9262231080909487,0.9929113388061523,1841.2413793103449,3657.0,1.8862799984130791,0.9923763275146484,1627.5061728395062,3657.0,1.667316613463713,0.9888219833374023
50,0,329,329,329,492.833,355.5,4,0,0,0,20260701_GD_9911-9912-9913-9914-9915_20x_A01_G016_0001.csv,20260701_GD_9911-9912-9913-9914-9915_20x_A01_G016_0001__zmax_channels.ome.tif,single_point_type_all_negative,44.98046875,73.0,73.0,1.6229266174554928,0.9105386734008789,69.2,103.0,1.5384455058619193,0.8448123931884766,50.76923076923077,103.0,1.1286950131934934,0.6601724624633789,53.86206896551724,103.0,1.197454594457005,0.6634092330932617,47.888888888888886,103.0,1.064659622714334,0.6583642959594727,976.123046875,3659.0,3659.0,3.7485028262718223,0.9996805191040039,3148.2,3659.0,3.225208143664649,0.9992218017578125,3001.3846153846152,3659.0,3.0748015068319203,0.998992919921875,2937.689655172414,3945.0,3.0095485037232272,0.9988584518432617,2518.0246913580245,3945.0,2.5796181121010626,0.9976797103881836
51,0,122,122,122,808.833,239.5,4,0,0,0,20260701_GD_9911-9912-9913-9914-9915_20x_A01_G016_0001.csv,20260701_GD_9911-9912-9913-9914-9915_20x_A01_G016_0001__zmax_channels.ome.tif,single_point_type_all_negative,44.98046875,37.0,37.0,0.822579244463743,0.5415410995483398,60.0,100.0,1.333912288319583,0.6893892288208008,58.84615384615385,103.0,1.308260128928822,0.6782302856445312,45.0,103.0,1.0004342162396873,0.6558322906494141,47.91358024691358,103.0,1.065208557812408,0.6583642959594727,976.123046875,1766.0,1766.0,1.8091981391626233,0.9912738800048828,1434.0,1766.0,1.4690770846881096,0.9840297698974609,1548.5384615384614,2711.0,1.586417272387959,0.9870500564575195,1551.6206896551723,2794.0,1.5895748949096058,0.9871225357055664,1433.432098765432,2975.0,1.4684952920172103,0.9839925765991211
52,0,36,36,36,838.167,331.5,4,0,0,0,20260701_GD_9911-9912-9913-9914-9915_20x_A01_G016_0001.csv,20260701_GD_9911-9912-9913-9914-9915_20x_A01_G016_0001__zmax_channels.ome.tif,single_point_type_all_negative,44.98046875,61.0,61.0,1.3561441597915762,0.696807861328125,56.0,77.0,1.244984802431611,0.670445442199707,41.69230769230769,77.0,0.9268980259861719,0.6380500793457031,41.310344827586206,77.0,0.9184062766706096,0.6380500793457031,43.864197530864196,109.0,0.9751832017282878,0.6499147415161133,976.123046875,1349.0,1349.0,1.3819978990545745,0.981165885925293,1571.8,2073.0,1.6102478115151817,0.9875955581665039,1526.6923076923076,2323.0,1.5640367396097474,0.9865093231201172,1545.7586206896551,2323.0,1.583569433831431,0.9869651794433594,1474.1234567901236,2767.0,1.5101820016538308,0.9851799011230469
53,0,62,62,62,630.167,407.5,4,0,0,0,20260701_GD_9911-9912-9913-9914-9915_20x_A01_G016_0001.csv,20260701_GD_9911-9912-9913-9914-9915_20x_A01_G016_0001__zmax_channels.ome.tif,single_point_type_all_negative,44.98046875,40.0,40.0,0.8892748588797221,0.6279754638671875,46.8,87.0,1.0404515848892748,0.6574068069458008,44.61538461538461,87.0,0.991883496442767,0.6534175872802734,43.0,87.0,0.9559704732957013,0.6499147415161133,44.71604938271605,132.0,0.9941214626118375,0.6534175872802734,976.123046875,1512.0,1512.0,1.5489850432694712,0.9861230850219727,1636.8,1863.0,1.6768377769996499,0.9889850616455078,1549.0,1863.0,1.5868901005452454,0.9870738983154297,1442.3793103448277,1887.0,1.4776613614057361,0.9842634201049805,1378.7283950617284,2351.0,1.4124534806094842,0.9822273254394531
54,0,151,151,151,375.5,530.167,4,0,0,0,20260701_GD_9911-9912-9913-9914-9915_20x_A01_G016_0001.csv,20260701_GD_9911-9912-9913-9914-9915_20x_A01_G016_0001__zmax_channels.ome.tif,single_point_type_all_negative,44.98046875,35.0,35.0,0.7781155015197568,0.38727474212646484,28.2,37.0,0.626938775510204,0.0950784683227539,37.61538461538461,106.0,0.8362603961388155,0.5415410995483398,49.6551724137931,118.0,1.1039274110231032,0.6595773696899414,51.18518518518518,118.0,1.1379424583072,0.6609716415405273,976.123046875,2831.0,2831.0,2.900249112100445,0.9986371994018555,2750.0,2855.0,2.8172677704967235,0.998448371887207,2728.0,3315.0,2.7947296283327496,0.998382568359375,2573.0344827586205,3879.0,2.635973498419116,0.9978885650634766,2124.456790123457,3879.0,2.1764231435009953,0.9954004287719727
55,0,165,165,165,358.167,574.167,4,0,0,0,20260701_GD_9911-9912-9913-9914-9915_20x_A01_G016_0001.csv,20260701_GD_9911-9912-9913-9914-9915_20x_A01_G016_0001__zmax_channels.ome.tif,single_point_type_all_negative,44.98046875,37.0,37.0,0.822579244463743,0.5415410995483398,57.6,104.0,1.2805557967867998,0.6739950180053711,58.84615384615385,104.0,1.308260128928822,0.6782302856445312,52.86206896551724,106.0,1.175222722985012,0.6620159149169922,49.19753086419753,106.0,1.0937531829122509,0.6595773696899414,976.123046875,2212.0,2212.0,2.266107748486819,0.9960670471191406,1918.0,2334.0,1.964916212295533,0.9933567047119141,1938.923076923077,3132.0,1.9863510887591724,0.9935827255249023,1858.344827586207,3262.0,1.903801814264695,0.9926319122314453,1771.1604938271605,4529.0,1.8144848638677529,0.9913511276245117
56,0,509,509,509,412.833,622.167,4,0,0,0,20260701_GD_9911-9912-9913-9914-9915_20x_A01_G016_0001.csv,20260701_GD_9911-9912-9913-9914-9915_20x_A01_G016_0001__zmax_channels.ome.tif,single_point_type_all_negative,44.98046875,68.0,68.0,1.5117672600955276,0.8203954696655273,68.8,100.0,1.529552757273122,0.8203954696655273,55.69230769230769,100.0,1.2381442265940747,0.6675739288330078,57.0,108.0,1.267216673903604,0.6739950180053711,50.17283950617284,124.0,1.11543611928617,0.6601724624633789,976.123046875,2046.0,2046.0,2.096047221249562,0.9946985244750977,2042.6,2437.0,2.092564053824221,0.9946756362915039,2249.769230769231,2952.0,2.3048008526914034,0.9962930679321289,2110.862068965517,2952.0,2.162495881767485,0.9952821731567383,1874.8765432098764,3042.0,1.9207379123074517,0.9928340911865234
57,0,168,168,168,480.833,622.167,4,0,0,0,20260701_GD_9911-9912-9913-9914-9915_20x_A01_G016_0001.csv,20260701_GD_9911-9912-9913-9914-9915_20x_A01_G016_0001__zmax_channels.ome.tif,single_point_type_all_negative,44.98046875,65.0,65.0,1.4450716456795485,0.7496604919433594,39.2,71.0,0.8714893617021278,0.6121463775634766,46.61538461538461,72.0,1.036347239386753,0.6574068069458008,50.51724137931034,96.0,1.1230928174644765,0.6601724624633789,51.22222222222222,137.0,1.1387658609543108,0.6609716415405273,976.123046875,3050.0,3050.0,3.1246060727327296,0.9990835189819336,4126.2,5058.0,4.2271310089540295,0.9998617172241211,4019.076923076923,5058.0,4.11738759364791,0.9998359680175781,3823.137931034483,5118.0,3.9166557364607177,0.9997587203979492,3420.259259259259,5118.0,3.503922246492403,0.9995250701904297
58,0,93,93,93,496.833,550.167,4,0,0,0,20260701_GD_9911-9912-9913-9914-9915_20x_A01_G016_0001.csv,20260701_GD_9911-9912-9913-9914-9915_20x_A01_G016_0001__zmax_channels.ome.tif,single_point_type_all_negative,44.98046875,70.0,70.0,1.5562310030395137,0.8665285110473633,53.2,70.0,1.1827355623100304,0.6634092330932617,45.23076923076923,101.0,1.0055646481178397,0.6558322906494141,43.06896551724138,101.0,0.9575037058110112,0.6499147415161133,46.72839506172839,128.0,1.0388596731048605,0.6574068069458008,976.123046875,3192.0,3192.0,3.270079535791106,0.9992837905883789,3004.8,4180.0,3.0783004351958385,0.9989957809448242,2911.153846153846,4180.0,2.9823636020824758,0.9988117218017578,2860.551724137931,4180.0,2.9305237011827736,0.9987068176269531,2479.4444444444443,4180.0,2.5400941534801773,0.9975137710571289
59,0,118,118,118,546.167,539.5,4,0,0,0,20260701_GD_9911-9912-9913-9914-9915_20x_A01_G016_0001.csv,20260701_GD_9911-9912-9913-9914-9915_20x_A01_G016_0001__zmax_channels.ome.tif,single_point_type_all_negative,44.98046875,67.0,67.0,1.4895353886235345,0.7953166961669922,35.0,67.0,0.7781155015197568,0.38727474212646484,44.0,71.0,0.9782023447676943,0.6534175872802734,45.93103448275862,74.0,1.0211328551963705,0.6558322906494141,44.95061728395062,102.0,0.9993363460435396,0.6534175872802734,976.123046875,1682.0,1682.0,1.7231434145365414,0.9898796081542969,1944.8,2141.0,1.9923717672952828,0.9936561584472656,1930.8461538461538,2646.0,1.9780765960066644,0.993504524230957,1876.0,4624.0,1.9218888499824922,0.9928560256958008,1647.1358024691358,4624.0,1.6874264036100195,0.9892034530639648
